{
  "blend": {
    "brier": 0.0811409463009517,
    "ece": 0.004012034260869436,
    "logloss": 0.28176111885245836
  },
  "model_only": {
    "brier": 0.0814225104952769,
    "ece": 0.010399167704606362,
    "logloss": 0.28366169529137913
  },
  "market_only": {
    "brier": 0.0839231130754669,
    "ece": 0.0068899648932040794,
    "logloss": 0.29291897676395406
  },
  "ev_lift": {
    "ev_blend": 0.6092043045817708,
    "ev_market": 0.07142081315132834,
    "lift_pct": 53.778349143044245,
    "n_bets_blend": 30665,
    "n_bets_market": 34065
  },
  "alpha_stats": {
    "mean": 0.740988914220514,
    "std": 1.1102230246251565e-16,
    "min": 0.7409889142205142,
    "max": 0.7409889142205142,
    "p25": 0.7409889142205142,
    "p75": 0.7409889142205142
  },
  "gamma": {
    "global": 0.9,
    "by_cluster": {}
  }
}