{
  "blend": {
    "brier": 0.08911929873528958,
    "ece": 0.011211135909390582,
    "logloss": 0.3232332097560251
  },
  "model_only": {
    "brier": 0.08932150216732501,
    "ece": 0.011548544340989708,
    "logloss": 0.3239473037276915
  },
  "market_only": {
    "brier": 0.08875478169106979,
    "ece": 0.002983166418069464,
    "logloss": 0.32170882210505836
  },
  "alpha_stats": {
    "mean": 0.7409889142205142,
    "std": 0.0,
    "min": 0.7409889142205142,
    "max": 0.7409889142205142,
    "p25": 0.7409889142205142,
    "p75": 0.7409889142205142
  },
  "gamma": {
    "global": 1.0,
    "by_cluster": {}
  }
}
